Interesting,Mapped,Visited,Photographed,Name (en),Name (cn),"Lat, Lon",Address (en),Has Historical Photo,Address (cn),Reference (link),Status,Current Use,Products,Brands (cn/en),Guizhou?,Notes,Dates of operation
,,,,,,,,,,,,,,,,,
,,,,Shanghai Radio no.1 Factory ,上海无线电一厂,"31.24003, 121.42391",No. 475 Guangfu West Road,,上海市光复西路475号,http://www.studyofnet.com/717614483.html,,"Could not be found at current location, but opposite of river was a material research institute on Changshou Rd. My notes mention Radio factory 1 became the Shanghai Research Institute of Chemical Industry but cannot find a reference for that.",,,,,
,,,,Shanghai Radio no.2 Factory ,上海无线电二厂,"31.25146, 121.43661",No. 96 Yichang Road ,,上海市宜昌路96号,http://www.studyofnet.com/717614483.html,Demolished?,Currently the Mengqing garden park. There are still remains of an old brewery. The orginal factory moved to Guizhou under the Third Front Movement,,,Link to folder ,Moved to Guizhou,
,,,,Shanghai Radio no.3 Factory,上海无线电三厂,"31.24204, 121.44763",No. 65 West Suzhou Road ,,上海市西苏州路65号,http://www.studyofnet.com/717614483.html,Partly seems to exist,"Currently a Residential area (you can get on the roof). But behind the towerblock is a massive abbandoned factory, the Shanghai Elecric Machine Tool & Engineering Co., LTD. The gate is open. (Also opposite there are former factory buildings, 1950's style, clearly preserved and renovated, but no further info ). What is the link with these places and factory 3? Tried to get inside but were not allowed 'too dangerous/partly demolished'. The bao'an at both the industrial buildings (also the one at the other side of the street/corner) don't know anything. The machine tool factory moved to an industrial zone where also the 'Clock Factory of Shanghai is' > Chnagzhong extended middle road 625?",,Mudan 牡丹 8402,,weixin Article with pics link,
,,,,Shanghai Radio no.4 Factory ,上海无线电四厂,"31.19681,121.43756",No. 1001 Zhaojiabang Road ,,上海市肇嘉浜路1001号,http://www.studyofnet.com/717614483.html,Demolished,"4a: cannot find the adress, only 999 and 1029. In between these numbers is a parking lot and a street. Interestingly, EXACTLY opposite are the remains of the chunghwa rubber factory chimney. 4b:Residential area (interestingly there is a Shanghai Electric company xiaoqu behind it)",Produced China's first domestically developed germanium transitor radio  美多 Meiduo 28A(not to beconfused with the 636 radio),,,,
,,,,Shanghai Radio no.4(b) Factory ,上海无线电五厂,"31.19979, 121.45651",No. 414 Xietu Road,,上海市斜土路414号,https://www.eet-china.com/mp/a52402.html,,"Second location of Shanghai Radio Factory No. 4 ('b' addded the author), not sure which came first, marker position is incorrect (it's on a corner). Behind the building is a 'Shanghai Electric' xiaoqu interestingly.",,,,,
,,,,Shanghai Radio no.6 Factory ,上海无线电六厂,"31.24272, 121.42523",No. 419 Guangfu West Road ,,上海市光复西路419号,http://www.studyofnet.com/717614483.html,,"Seems to share lot with Factory 1, just new apartment block, with the addition of some recent red brick work...weird",,,,,
,,,,Shanghai Radio no.7 Factory ,上海无线电七厂,"31.268506, 121.489337",No.289 Ouyang Road,,上海市欧阳路289号,https://www.sohu.com/a/704664731_121687414,More pictures: https://mp.weixin.qq.com/s/Uzih_Hk39c3BSmNsCcoObQ,"Residential area: 绿洲紫荆花园, become joint venture with philips, producing semiconductors 1992(5nm) https://baike.baidu.com/tashuo/browse/content?id=300006d98e56456e083d53a3",,,,referred to as Shangwu No. 7 Factory / 简称上无七厂,
,,,,Shanghai Radio no.8 Factory ,上海无线电八厂,"31.267639, 121.482681",No. 2246 Sichuan North Road,,上海市虹口区四川北路2246号,http://www.studyofnet.com/717614483.html,,"Currently the North Sichuan Road Police Station but cannot find address, asked the police and uncle outside the police station. The police did not know, but the uncle mentioned that the address used to be here but that the ‘dianzi’ factory that used to be here moved around the corner to East Jiangwan Road 188, which in turn has been turned into a creative industry park ‘space188’. There is till a computer repair shop inside and many different companies. The area itself has a rich military history, the World War 2 Japanese Naval headquarters building is just around the corner, as well as the former resting place of Luxun and residence of Li Bai who worked at the Communist party’s clandestine radio station in 1937. Around 1954 this factory moved (equipment and people) to Guizhou, base 061.",,,maybe? why is it on my to visit list,,
,,,,Shanghai Radio no.9 Factory (a),上海无线电九厂,"31.20680, 121.46182","No. 62 Zhaojiabang Road, Building No. 17 and No. 393, ",,上海市肇嘉浜路62弄17号和393号,http://www.studyofnet.com/717614483.html,Demolished,Demolished,,636 radio,,"Developed and produced China's first (single) transistor medium wave handheld radio, became Weixun(?) moved to (30.991968,121.5482  ref?) Looks like there are interesting antennas in the garden",
,,,,Shanghai Radio no.9 Factory (b),上海无线电九厂,"30.985674,121.541687","No. 533, Mingxing Road, Fengxian District, Shanghai (at Yanpu Highway)",,上海市奉贤区明星路533号 （沿浦公路处),Source needed,,"Pin is inaccurate, the coords in this sheet are ok! Now the Mingxincun Villager's Committee, but there were and still seem to be interesting antenna arreays in the garden (wullenweber even back in the days (see google earth time slider sat images). Also to the west is a filed with an array of towers....mmm). In baidu street view the garden seems fully build with old buildings, weird. The field is now just a farm, shengyang went",,,,,
,,,,Shanghai Radio no.10 Factory ,上海无线电十厂,"31.23604, 121.55627",No. Yanggao Middle Road No.1900,,上海市杨高中1900 / 上海市浦东新区杨高中路1900号,http://www.studyofnet.com/717614483.html,Demolished,"Pin is accurate, found address. Construction site of highend office/apt complex with some leftover squated buildings/pinhouses. Area is fairly industrial (river). Plastic factory, huge mitsubitsu plant. The chemical smell on the orange bridge is intense",,,,,
,,,,Shanghai Radio no.11 Factory ,上海无线电十一厂,,,,,http://www.studyofnet.com/717614483.html,,,,,,,
,,,,Shanghai Radio no.12 Factory ,上海无线电十二厂,"31.23617, 121.48539","No.50 Guangdong Road, Huangpu Dist.",,上海市黄浦区广东路50号,http://www.studyofnet.com/717614483.html,Demolished,"Could not find address, but only numbers 59,60 and 43. 60 is an empty lot as pictured. This is the location indicated by baidu maps as being number 50 as well. The lot sits right behind the Shanghai Telecom Museum.",,,,,
,,,,Shanghai Radio no.13 Factory ,上海无线电十三厂,"31.22111, 121.43561",No. 1486 Nanjing West Road,,上海市南京西路1486号,http://www.studyofnet.com/717614483.html,Stil there,"This is a super interesting area. The address is a super long building, not unlike Factory 21 and currently hosts al kinds of hip companies, like a French bakery, cafe, hairdresser etc. Walking down the alley reveils some more interesting buildings. This 'Donghaidasha' plaza features multiple 1920 style buildings, with deterioting lettering like 'shanghai computer factory' (building 2) etc. It has long be repurposed, now hosting gyms, kebab shops also some electronics companies (building 1). According to sources Factory 13 moved here in 1970. According to declassified CIA docs, Factory 13 indeed became the Shanghai Computer Factory, revealing shared technological histories.",,,,,
,,,,Shanghai Radio no.14 Factory ,上海无线电十四厂,"31.19573, 121.46936",No.795 Longhua East Road,,上海市龙华东路795号,http://www.studyofnet.com/717614483.html,, Greenland shopping mall - 黄浦绿地缤纷城 ,,,,,
,,,,Shanghai Radio no.15 Factory ,上海无线电十五厂,"31.20454, 121.46618",No.90 Dapu Road,,上海市打浦路90号,http://www.studyofnet.com/717614483.html,Demolished,Residential Area,,,,,
,,,,Shanghai Radio no.16 Factory ,上海无线电十六厂,"31.24770, 121.44562","No.11, Lane 56, Changshou Road (marker is wrong)",,上海市长寿路56弄11号,http://www.studyofnet.com/717614483.html,Demolished,"Address can not be be found, lowest street numbers are 19-21 which is currently a construction site",,,,,
,,,,Shanghai Radio no.17 Factory ,上海无线电十七厂,"31.21626, 121.50076","No. 175 Dongjiadu Road (marker  a bit more towards the T crossing, next to the church)",,上海市董家渡路175号,http://www.studyofnet.com/717614483.html,Demolished,"Address can not be found. Either a Chruch, CIAO Shopping Mall or a construction site (pictured)",,Baoshi 宝石牌,,,
,,,,Shanghai Radio no.18 Factory ,上海无线电十八厂,"31.19479, 121.45581",No. 332 Lingling Road,Yes,上海市零陵路332号,http://www.studyofnet.com/717614483.html,,"Could not find address, but its most likely part of the current Shanghai Institute of Organic Chemistry of the Chinese Academy of Sciences (it is a HUGE compound)",,Feiyue 飞跃牌,, link of the pic,
,,,,Shanghai Radio no.19 Factory ,上海无线电十九厂,"31.17206, 121.42758","No.25, Lane 258, Caoxi Road",,上海市漕河泾新兴技术开发区漕溪路258弄25号,http://www.studyofnet.com/717614483.html,Still there,"Shanghai Panasonic Semiconductor Limited Company (上海松下半导体有限公司) (intersting link with factory number 3 that had panasonic lettering inside?) worked with beijing: By 1968, the Fourth Ministry of Machinery Industry (the Fourth Machinery Department, reorganized as the Ministry of Electronic Industry in 1982) drew some technical force from Beijing Electronic Tube Factory and built the first IC professional factory in China - 878 factory (state-owned East Optoelectronics Factory). Factory 878 used to have infinite scenery, and it was called ""Beiba"" and ""Nanba"" together with Shanghai Radio 19th Factory (Shanghai No.19 Factory). https://baike.baidu.com/tashuo/browse/content?id=300006d98e56456e083d53a3",,,,,"Established in 1968 according to 《三线建设时期中国集成电路事业
建制化的历史考察——以原电子工业部第 24 研究所为中心》"
,,,,Shanghai Radio no.20 Factory ,上海无线电二十厂,"31.17522, 121.40900",No. 711 Yishan Road,,上海市漕河泾新兴技术开发区宜山路711号,http://www.studyofnet.com/717614483.html,,"Cannot find the exact address. Baidu points to an office building but these are number 717 and 719. The opposite side of the street hosts a construction site with all the way in the back a still operational, dark grey non descript building with no signage. Further around the back is a wall with the CASC logo. The whole area is high tech industry.",,,,,
,,,,Shanghai Radio no.21 Factory ,上海无线电二十一厂,"31.23864, 121.44573",No. 631 Jiangning Road,,上海市江宁路631号,http://www.studyofnet.com/717614483.html,Still partially there,"Still in operation, became http://www.shxinjian.com/aboutus.asp (in 1999?) manufacturer of measring equipment like scopes, also for militairy, nuclear bussiness as told by both the bao'an, lettering on the building and the website chinese about page",,,,,
,,,,Shanghai Radio no.22 Factory ,上海无线电二十二厂,"31.21413, 121.47027",No. 390 Jianguo East Road,,上海市建国东路390号,http://www.studyofnet.com/717614483.html,,Shopping Mall (恒基 旭辉天地 ) according to https://www.tianyancha.com/company/1621626300 ,,,,,
,,,,Shanghai Radio no.23 Factory ,上海无线电二十三厂,"31.26220, 121.53243","No.220, Lane 431 Meizhou Road",,眉州路431弄220号,http://www.studyofnet.com/717614483.html,,"Empty lot, looks interesting",,,,,
,,,,Shanghai Radio no.24 Factory ,上海无线电二十四厂,"31.24738, 121.48589",No. 390 Wuchang Road,,上海武昌路390号,http://www.studyofnet.com/717614483.html,,Address unclear but Goade maps shows it to be the Landmark Mall building,,,,,
,,,,Shanghai Radio no.26 Factory ,上海无线电二十六厂,"31.17815, 121.43817",No. 525 Longhua West Road,,上海市龙华西路525号,https://www.thepaper.cn/newsDetail_forward_6820215,Demolished,"Residential Area, Ming zi xin hua xiao qu, accoridng to the poster inside 535 compound, this whole area including 525, 591 was founded in 1999",,,,"Became Shanghai Yamei Electrical Appliances Factory (making test equipment like factory 21, website not updated since 2009) (""Its predecessor evolved from Yamei Radio Co., Ltd. founded in October 1924"" weird translation..?)",
,,,,Shanghai Radio no.27 Factory ,上海无线电二十七厂,"31.25779, 121.52743",No. 60 Danyang Road,,上海市丹阳路60号,http://www.studyofnet.com/717614483.html,,,,,,,
,,,,Shanghai Radio no.28 Factory ,上海无线电二十八厂,"31.24486, 121.48139",No. 659 Middle Sichuan Road,,上海市四川中路659号,http://www.studyofnet.com/717614483.html,Seemingly still exists,"The only factory looking building has the address 660, Gaode shows it as 659. It looks empty and you can get inside! All the buildings around are not factories (but for example an old American YMCA) ",,,,,
,,,,Shanghai Radio no.29 Factory ,上海无线电二十九厂,"31.21848, 121.47405",No. 1381 (Xin)zhaozhou Road (baidu),,上海市新肇周路1381号,http://www.studyofnet.com/717614483.html,,Cannot find the address,,,,,
,,,,Shanghai Radio no.30 Factory ,上海无线电三十厂,"31.16922, 121.39738","No. 201 Tianlin Road, Caohejing Emerging Technology Development Zone",,上海市漕河泾新兴技术开发区田林路201号,http://www.studyofnet.com/717614483.html,,Became datacenter ,,,,,
,,,,Shanghai Radio no.32 Factory ,上海无线电三十二厂,"31.22515, 121.39777","No. 2359 Guangfu West Road, Shanghai (marker is incorrect)",,上海市光复西路2359号,http://www.studyofnet.com/717614483.html,,"Can't find the address, residential area on the Suzhou river bund. The possible address (a street corner) hosts an empty walled off lot with the text ""Shanghai technological and financial industry center"". There used to be a lot of instdustry by the Suzhou river, close to this location one can find the remains of the Chimney of the Shanghai Chemical Reagent factory.",,,,,
,,,,Shanghai Radio no.33 Factory ,上海无线电三十三厂,"31.421685, 121.193816","No. 1277 Xingwen Road, Baihao AI Science Park, Jiading",,,Just searched apple maps for '上海无线电厂',Baihao AI Science park,"Walked through the gate, is a lot with a few buildings. Bao'an told us that building 8 used to house the factory (back when it was called building 4) but that the factory recently moved. Building 8 is now empty (although it seemed filled to the brim with wooden shipping crates). The whole area is Industry, a lot of car manufacturers (Volvo) and a lot of farm grounds. Searching on Baidu reveals 2 other possible addressed: 上海市嘉定区嘉行公路2588号 and 南石二路120号 (南石二路120号(无线电三十三厂)地块房地产评估委托合同公告)",,,,,
,,,,Shanghai Radio no.35 Factory ,上海无线电三十五厂,"31.20446, 121.46936",No. 630 Xietu Road,,上海市斜土路630号,http://www.studyofnet.com/717614483.html,,MILAN时尚造型(hair salon),,,,,
,,,,Shanghai Radio no.36 Factory ,上海无线电三十六厂,"31.19122, 121.45591","No. 520, Zhongshan South 2nd Road",,上海市中山南二路520号,http://shwxdssl.dayinmao.com/,Seemingly still exists, Is currently housing the 'Shanghai clock culture and science museum' (2024) / 上海钟表文化科普馆. registered in 1981,,,,,
,,,,Shanghai Radio no.41 Factory ,上海无线电四十一厂,"31.20594, 121.44324",No.627 Yongjia Road,,上海市永嘉路627号,http://www.studyofnet.com/717614483.html,Seemingly still partially exists,"上海市仪表电子产品质量监督检验站, National institute of Quality inspection an research on product in Shanghai.  this is amazing, it seems some older factory looking buildings are still there",,,,,
,,,,,,,,,,,,,,,,,
,,,,,,,,,,,,,,,,,
,,,,,,,,,,,,,,,,,
,,,,,,,,,,,,,,,,,
,All listed factories interpolated from the highest numbered factory that could be found in references),,,,,,,,,,,,,,,,
,,"Red: to do, failed, innacurate or impossible",,,,,,,,,,,,,,,
,,"Green: visited, mapped and photographed",,,,,,,,,,,,,,,
,,"Gray: no records/references found, factory might never have existed",,,,,,,,,,,,,,,
,,Sites Of Interest/Do more research/Come back later/Worth another visit,,,,,,,,,,,,,,,
,List of Shanghai factories during planned economy period (incomplete),,,,,,,,,,,,,,,,